Ref,Val,Package,PosX,PosY,Rot,Side
"C1","22u","C_0805_2012Metric",108.250000,-95.500000,0.000000,top
"C2","22u","C_0805_2012Metric",113.000000,-100.700000,90.000000,top
"C3","10u","C_0603_1608Metric",96.250000,-86.000000,0.000000,top
"C4","100n","C_0402_1005Metric",92.750000,-90.250000,90.000000,top
"C5","100n","C_0402_1005Metric",101.600000,-99.575000,180.000000,top
"C6","100n","C_0402_1005Metric",104.750000,-91.000000,-90.000000,top
"C7","100n","C_0402_1005Metric",96.250000,-87.500000,0.000000,top
"C8","10n","C_0402_1005Metric",92.750000,-94.500000,90.000000,top
"C9","1u","C_0402_1005Metric",92.250000,-98.000000,180.000000,top
"C10","1u","C_0402_1005Metric",92.250000,-99.500000,180.000000,top
"C11","100n","C_0402_1005Metric",96.500000,-99.500000,0.000000,top
"C12","10n","C_0402_1005Metric",91.140000,-91.515000,90.000000,top
"C13","10n","C_0402_1005Metric",91.140000,-93.495000,90.000000,top
"D1","RED","LED_0603_1608Metric",116.250000,-101.000000,-90.000000,top
"FB1","120R","L_0603_1608Metric",94.000000,-98.750000,-90.000000,top
"J1","USB_B_Micro","USB_Micro-B_Wuerth_629105150521",117.525000,-92.150000,90.000000,top
"J2","Conn_01x04_Pin","PinHeader_1x04_P2.54mm_Vertical",97.800000,-80.750000,-90.000000,top
"J3","Conn_01x04_Pin","PinHeader_1x04_P2.54mm_Vertical",111.800000,-80.750000,-90.000000,top
"J4","Conn_01x04_Pin","PinHeader_1x04_P2.54mm_Vertical",94.375000,-107.000000,90.000000,top
"R1","1k5","R_0402_1005Metric",116.750000,-98.750000,0.000000,top
"R2","10k","R_0402_1005Metric",86.600000,-85.875000,90.000000,top
"R3","1k5","R_0402_1005Metric",108.025000,-91.600000,-90.000000,top
"R4","1k5","R_0402_1005Metric",96.485000,-103.725000,180.000000,top
"R5","1k5","R_0402_1005Metric",98.735000,-103.725000,0.000000,top
"SW1","SW_SPDT","SW_SPDT_PCM12",83.175000,-88.575000,-90.000000,top
"U1","AMS1117-3.3","SOT-223-3_TabPin2",108.250000,-101.000000,-90.000000,top
"U2","STM32F103C8T6","LQFP-48_7x7mm_P0.5mm",98.750000,-93.500000,0.000000,top
"Y1","16MHz","Crystal_SMD_3225-4Pin_3.2x2.5mm",88.640000,-92.245000,-90.000000,top
